,Resort,Week,Year,Rating
0,Charlotte Pass,week1,2017,5.0
1,Charlotte Pass,week1,2019,5.0
2,Charlotte Pass,week1,2025,5.0
3,Charlotte Pass,week10,2020,5.0
4,Charlotte Pass,week10,2021,5.0
5,Charlotte Pass,week10,2022,3.5
6,Charlotte Pass,week10,2025,5.0
7,Charlotte Pass,week11,2018,1.0
8,Charlotte Pass,week11,2022,2.0
9,Charlotte Pass,week12,2018,1.0
10,Charlotte Pass,week12,2022,5.0
11,Charlotte Pass,week13,2021,1.0
12,Charlotte Pass,week13,2024,5.0
13,Charlotte Pass,week2,2019,5.0
14,Charlotte Pass,week2,2025,4.0
15,Charlotte Pass,week3,2022,4.0
16,Charlotte Pass,week3,2024,5.0
17,Charlotte Pass,week4,2020,1.0
18,Charlotte Pass,week5,2024,4.0
19,Charlotte Pass,week6,2019,2.0
20,Charlotte Pass,week6,2021,5.0
21,Charlotte Pass,week6,2023,3.0
22,Charlotte Pass,week7,2023,5.0
23,Charlotte Pass,week7,2025,3.0
24,Charlotte Pass,week8,2020,1.0
25,Charlotte Pass,week8,2021,5.0
26,Charlotte Pass,week8,2022,5.0
27,Charlotte Pass,week9,2019,5.0
28,Charlotte Pass,week9,2020,5.0
29,Charlotte Pass,week9,2025,5.0
30,Falls Creek,week1,2016,3.0
31,Falls Creek,week1,2017,5.0
32,Falls Creek,week1,2018,4.0
33,Falls Creek,week1,2019,5.0
34,Falls Creek,week1,2021,4.0
35,Falls Creek,week1,2022,3.0
36,Falls Creek,week10,2017,4.75
37,Falls Creek,week10,2018,4.666666666666667
38,Falls Creek,week10,2019,3.9166666666666665
39,Falls Creek,week10,2022,3.0
40,Falls Creek,week10,2023,4.666666666666667
41,Falls Creek,week10,2024,5.0
42,Falls Creek,week11,2017,4.666666666666667
43,Falls Creek,week11,2018,4.25
44,Falls Creek,week11,2019,4.75
45,Falls Creek,week11,2022,4.333333333333333
46,Falls Creek,week11,2023,4.0
47,Falls Creek,week11,2024,5.0
48,Falls Creek,week11,2025,4.333333333333333
49,Falls Creek,week12,2016,5.0
50,Falls Creek,week12,2017,4.666666666666667
51,Falls Creek,week12,2018,4.375
52,Falls Creek,week12,2019,4.666666666666667
53,Falls Creek,week12,2022,5.0
54,Falls Creek,week12,2023,3.0
55,Falls Creek,week12,2024,4.0
56,Falls Creek,week12,2025,5.0
57,Falls Creek,week13,2016,5.0
58,Falls Creek,week13,2017,5.0
59,Falls Creek,week13,2018,4.0
60,Falls Creek,week13,2019,4.666666666666667
61,Falls Creek,week13,2023,5.0
62,Falls Creek,week13,2024,2.0
63,Falls Creek,week14,2016,5.0
64,Falls Creek,week14,2017,5.0
65,Falls Creek,week14,2018,4.5
66,Falls Creek,week14,2019,5.0
67,Falls Creek,week14,2021,5.0
68,Falls Creek,week14,2022,5.0
69,Falls Creek,week14,2023,5.0
70,Falls Creek,week15,2015,5.0
71,Falls Creek,week15,2017,4.166666666666667
72,Falls Creek,week15,2019,5.0
73,Falls Creek,week15,2022,3.0
74,Falls Creek,week15,2023,3.5
75,Falls Creek,week2,2017,5.0
76,Falls Creek,week2,2019,5.0
77,Falls Creek,week2,2021,4.666666666666667
78,Falls Creek,week2,2022,5.0
79,Falls Creek,week2,2023,1.0
80,Falls Creek,week2,2025,5.0
81,Falls Creek,week3,2018,4.333333333333333
82,Falls Creek,week3,2019,5.0
83,Falls Creek,week3,2021,4.0
84,Falls Creek,week3,2022,3.75
85,Falls Creek,week3,2023,4.0
86,Falls Creek,week3,2025,2.5
87,Falls Creek,week4,2017,3.3333333333333335
88,Falls Creek,week4,2018,5.0
89,Falls Creek,week4,2019,4.25
90,Falls Creek,week4,2023,4.5
91,Falls Creek,week4,2024,2.3333333333333335
92,Falls Creek,week4,2025,5.0
93,Falls Creek,week5,2017,3.0
94,Falls Creek,week5,2018,4.5
95,Falls Creek,week5,2019,3.5
96,Falls Creek,week5,2020,4.0
97,Falls Creek,week5,2021,4.666666666666667
98,Falls Creek,week5,2022,5.0
99,Falls Creek,week5,2023,5.0
100,Falls Creek,week5,2024,5.0
101,Falls Creek,week5,2025,2.0
102,Falls Creek,week6,2017,5.0
103,Falls Creek,week6,2018,4.222222222222222
104,Falls Creek,week6,2019,4.75
105,Falls Creek,week6,2021,5.0
106,Falls Creek,week6,2022,3.0
107,Falls Creek,week6,2023,5.0
108,Falls Creek,week6,2024,3.0
109,Falls Creek,week6,2025,4.25
110,Falls Creek,week7,2016,5.0
111,Falls Creek,week7,2017,3.6666666666666665
112,Falls Creek,week7,2018,4.25
113,Falls Creek,week7,2019,2.6666666666666665
114,Falls Creek,week7,2020,1.0
115,Falls Creek,week7,2022,5.0
116,Falls Creek,week7,2023,5.0
117,Falls Creek,week7,2024,3.0
118,Falls Creek,week7,2025,4.5
119,Falls Creek,week8,2017,4.25
120,Falls Creek,week8,2018,4.25
121,Falls Creek,week8,2019,4.8
122,Falls Creek,week8,2022,4.5
123,Falls Creek,week8,2023,4.5
124,Falls Creek,week8,2024,5.0
125,Falls Creek,week8,2025,5.0
126,Falls Creek,week9,2016,4.0
127,Falls Creek,week9,2017,3.75
128,Falls Creek,week9,2018,4.666666666666667
129,Falls Creek,week9,2019,5.0
130,Falls Creek,week9,2021,5.0
131,Falls Creek,week9,2022,4.0
132,Falls Creek,week9,2023,4.857142857142857
133,Falls Creek,week9,2024,5.0
134,Falls Creek,week9,2025,5.0
135,Mt. Baw Baw,week1,2018,3.25
136,Mt. Baw Baw,week1,2019,5.0
137,Mt. Baw Baw,week1,2021,5.0
138,Mt. Baw Baw,week1,2022,3.5
139,Mt. Baw Baw,week1,2023,5.0
140,Mt. Baw Baw,week1,2025,5.0
141,Mt. Baw Baw,week10,2017,5.0
142,Mt. Baw Baw,week10,2018,5.0
143,Mt. Baw Baw,week10,2019,5.0
144,Mt. Baw Baw,week10,2021,5.0
145,Mt. Baw Baw,week10,2022,3.142857142857143
146,Mt. Baw Baw,week10,2024,3.6666666666666665
147,Mt. Baw Baw,week10,2025,4.666666666666667
148,Mt. Baw Baw,week11,2018,4.25
149,Mt. Baw Baw,week11,2019,4.0
150,Mt. Baw Baw,week11,2020,4.0
151,Mt. Baw Baw,week11,2022,4.0
152,Mt. Baw Baw,week11,2023,5.0
153,Mt. Baw Baw,week11,2024,4.0
154,Mt. Baw Baw,week11,2025,3.6666666666666665
155,Mt. Baw Baw,week12,2018,3.6666666666666665
156,Mt. Baw Baw,week12,2019,4.4
157,Mt. Baw Baw,week12,2022,3.0
158,Mt. Baw Baw,week12,2023,5.0
159,Mt. Baw Baw,week12,2024,3.3333333333333335
160,Mt. Baw Baw,week12,2025,3.75
161,Mt. Baw Baw,week13,2016,5.0
162,Mt. Baw Baw,week13,2018,4.0
163,Mt. Baw Baw,week13,2021,5.0
164,Mt. Baw Baw,week13,2022,5.0
165,Mt. Baw Baw,week13,2023,5.0
166,Mt. Baw Baw,week14,2018,3.0
167,Mt. Baw Baw,week14,2024,5.0
168,Mt. Baw Baw,week15,2018,4.0
169,Mt. Baw Baw,week15,2021,5.0
170,Mt. Baw Baw,week15,2022,5.0
171,Mt. Baw Baw,week15,2023,5.0
172,Mt. Baw Baw,week15,2024,5.0
173,Mt. Baw Baw,week2,2018,5.0
174,Mt. Baw Baw,week2,2019,4.333333333333333
175,Mt. Baw Baw,week2,2020,5.0
176,Mt. Baw Baw,week2,2021,1.0
177,Mt. Baw Baw,week2,2022,3.0
178,Mt. Baw Baw,week2,2023,5.0
179,Mt. Baw Baw,week2,2024,2.5
180,Mt. Baw Baw,week3,2017,3.0
181,Mt. Baw Baw,week3,2019,3.6666666666666665
182,Mt. Baw Baw,week3,2020,3.6666666666666665
183,Mt. Baw Baw,week3,2022,4.0
184,Mt. Baw Baw,week3,2023,3.0
185,Mt. Baw Baw,week3,2024,5.0
186,Mt. Baw Baw,week4,2017,5.0
187,Mt. Baw Baw,week4,2018,5.0
188,Mt. Baw Baw,week4,2019,4.0
189,Mt. Baw Baw,week4,2020,1.0
190,Mt. Baw Baw,week4,2021,1.0
191,Mt. Baw Baw,week4,2022,3.75
192,Mt. Baw Baw,week4,2023,4.428571428571429
193,Mt. Baw Baw,week4,2024,5.0
194,Mt. Baw Baw,week4,2025,5.0
195,Mt. Baw Baw,week5,2018,3.3333333333333335
196,Mt. Baw Baw,week5,2019,3.1666666666666665
197,Mt. Baw Baw,week5,2020,4.0
198,Mt. Baw Baw,week5,2021,2.3333333333333335
199,Mt. Baw Baw,week5,2022,3.2
200,Mt. Baw Baw,week5,2023,2.8
201,Mt. Baw Baw,week5,2024,3.0
202,Mt. Baw Baw,week5,2025,4.2
203,Mt. Baw Baw,week6,2017,1.0
204,Mt. Baw Baw,week6,2018,2.0
205,Mt. Baw Baw,week6,2019,3.0
206,Mt. Baw Baw,week6,2021,4.5
207,Mt. Baw Baw,week6,2022,5.0
208,Mt. Baw Baw,week6,2023,4.0
209,Mt. Baw Baw,week6,2024,3.8
210,Mt. Baw Baw,week6,2025,4.0
211,Mt. Baw Baw,week7,2017,5.0
212,Mt. Baw Baw,week7,2018,1.0
213,Mt. Baw Baw,week7,2019,5.0
214,Mt. Baw Baw,week7,2020,1.0
215,Mt. Baw Baw,week7,2022,4.333333333333333
216,Mt. Baw Baw,week7,2023,3.6666666666666665
217,Mt. Baw Baw,week7,2024,4.571428571428571
218,Mt. Baw Baw,week7,2025,3.75
219,Mt. Baw Baw,week8,2017,3.0
220,Mt. Baw Baw,week8,2018,3.0
221,Mt. Baw Baw,week8,2019,4.5
222,Mt. Baw Baw,week8,2022,3.0
223,Mt. Baw Baw,week8,2023,4.0
224,Mt. Baw Baw,week8,2024,3.8
225,Mt. Baw Baw,week8,2025,4.666666666666667
226,Mt. Baw Baw,week9,2017,5.0
227,Mt. Baw Baw,week9,2018,4.0
228,Mt. Baw Baw,week9,2019,4.75
229,Mt. Baw Baw,week9,2021,4.0
230,Mt. Baw Baw,week9,2022,3.5
231,Mt. Baw Baw,week9,2023,2.125
232,Mt. Baw Baw,week9,2024,4.666666666666667
233,Mt. Baw Baw,week9,2025,5.0
234,Mt. Buller,week1,2024,5.0
235,Mt. Buller,week1,2025,5.0
236,Mt. Buller,week10,2024,4.833333333333333
237,Mt. Buller,week10,2025,4.777777777777778
238,Mt. Buller,week11,2023,4.0
239,Mt. Buller,week11,2024,3.375
240,Mt. Buller,week11,2025,4.769230769230769
241,Mt. Buller,week12,2023,5.0
242,Mt. Buller,week12,2024,3.5
243,Mt. Buller,week12,2025,4.75
244,Mt. Buller,week13,2023,5.0
245,Mt. Buller,week13,2024,4.0
246,Mt. Buller,week15,2023,5.0
247,Mt. Buller,week2,2025,5.0
248,Mt. Buller,week3,2024,5.0
249,Mt. Buller,week3,2025,4.833333333333333
250,Mt. Buller,week4,2023,5.0
251,Mt. Buller,week4,2024,4.111111111111111
252,Mt. Buller,week4,2025,4.25
253,Mt. Buller,week5,2023,4.0
254,Mt. Buller,week5,2024,3.857142857142857
255,Mt. Buller,week5,2025,4.818181818181818
256,Mt. Buller,week6,2024,4.583333333333333
257,Mt. Buller,week6,2025,3.5
258,Mt. Buller,week7,2023,3.3333333333333335
259,Mt. Buller,week7,2024,4.3
260,Mt. Buller,week7,2025,5.0
261,Mt. Buller,week8,2023,3.0
262,Mt. Buller,week8,2024,4.2
263,Mt. Buller,week8,2025,5.0
264,Mt. Buller,week9,2023,3.0
265,Mt. Buller,week9,2024,4.818181818181818
266,Mt. Buller,week9,2025,4.888888888888889
267,Mt. Hotham,week1,2017,4.5
268,Mt. Hotham,week1,2018,4.666666666666667
269,Mt. Hotham,week1,2019,4.333333333333333
270,Mt. Hotham,week1,2021,5.0
271,Mt. Hotham,week1,2022,4.8
272,Mt. Hotham,week1,2023,3.0
273,Mt. Hotham,week1,2024,5.0
274,Mt. Hotham,week1,2025,4.8
275,Mt. Hotham,week10,2018,4.833333333333333
276,Mt. Hotham,week10,2019,3.4
277,Mt. Hotham,week10,2020,4.0
278,Mt. Hotham,week10,2021,5.0
279,Mt. Hotham,week10,2022,4.333333333333333
280,Mt. Hotham,week10,2023,5.0
281,Mt. Hotham,week10,2024,4.0
282,Mt. Hotham,week10,2025,3.6666666666666665
283,Mt. Hotham,week11,2018,4.333333333333333
284,Mt. Hotham,week11,2019,3.0
285,Mt. Hotham,week11,2020,5.0
286,Mt. Hotham,week11,2022,5.0
287,Mt. Hotham,week11,2023,4.6
288,Mt. Hotham,week11,2024,5.0
289,Mt. Hotham,week11,2025,5.0
290,Mt. Hotham,week12,2018,4.833333333333333
291,Mt. Hotham,week12,2019,4.5
292,Mt. Hotham,week12,2021,5.0
293,Mt. Hotham,week12,2022,5.0
294,Mt. Hotham,week12,2023,5.0
295,Mt. Hotham,week12,2024,5.0
296,Mt. Hotham,week12,2025,5.0
297,Mt. Hotham,week13,2018,4.75
298,Mt. Hotham,week13,2019,5.0
299,Mt. Hotham,week13,2022,5.0
300,Mt. Hotham,week13,2023,5.0
301,Mt. Hotham,week13,2024,5.0
302,Mt. Hotham,week14,2018,5.0
303,Mt. Hotham,week14,2019,4.666666666666667
304,Mt. Hotham,week14,2020,5.0
305,Mt. Hotham,week14,2021,5.0
306,Mt. Hotham,week14,2022,5.0
307,Mt. Hotham,week14,2023,5.0
308,Mt. Hotham,week14,2024,5.0
309,Mt. Hotham,week15,2018,4.4
310,Mt. Hotham,week15,2022,5.0
311,Mt. Hotham,week15,2023,4.5
312,Mt. Hotham,week15,2024,5.0
313,Mt. Hotham,week2,2019,5.0
314,Mt. Hotham,week2,2020,5.0
315,Mt. Hotham,week2,2021,5.0
316,Mt. Hotham,week2,2022,5.0
317,Mt. Hotham,week2,2023,5.0
318,Mt. Hotham,week2,2024,5.0
319,Mt. Hotham,week2,2025,5.0
320,Mt. Hotham,week3,2017,2.0
321,Mt. Hotham,week3,2018,4.333333333333333
322,Mt. Hotham,week3,2019,3.6666666666666665
323,Mt. Hotham,week3,2021,4.0
324,Mt. Hotham,week3,2022,5.0
325,Mt. Hotham,week3,2023,4.333333333333333
326,Mt. Hotham,week3,2024,5.0
327,Mt. Hotham,week3,2025,3.0
328,Mt. Hotham,week4,2018,5.0
329,Mt. Hotham,week4,2019,1.0
330,Mt. Hotham,week4,2020,5.0
331,Mt. Hotham,week4,2021,4.666666666666667
332,Mt. Hotham,week4,2022,4.8
333,Mt. Hotham,week4,2023,3.0
334,Mt. Hotham,week4,2024,5.0
335,Mt. Hotham,week4,2025,5.0
336,Mt. Hotham,week5,2017,4.5
337,Mt. Hotham,week5,2018,5.0
338,Mt. Hotham,week5,2019,3.375
339,Mt. Hotham,week5,2021,5.0
340,Mt. Hotham,week5,2022,4.666666666666667
341,Mt. Hotham,week5,2023,4.333333333333333
342,Mt. Hotham,week5,2024,4.375
343,Mt. Hotham,week5,2025,5.0
344,Mt. Hotham,week6,2017,5.0
345,Mt. Hotham,week6,2018,5.0
346,Mt. Hotham,week6,2019,4.75
347,Mt. Hotham,week6,2020,5.0
348,Mt. Hotham,week6,2021,5.0
349,Mt. Hotham,week6,2022,5.0
350,Mt. Hotham,week6,2023,5.0
351,Mt. Hotham,week6,2024,4.8
352,Mt. Hotham,week6,2025,5.0
353,Mt. Hotham,week7,2018,4.333333333333333
354,Mt. Hotham,week7,2019,5.0
355,Mt. Hotham,week7,2021,5.0
356,Mt. Hotham,week7,2022,5.0
357,Mt. Hotham,week7,2023,5.0
358,Mt. Hotham,week7,2024,5.0
359,Mt. Hotham,week7,2025,5.0
360,Mt. Hotham,week8,2017,5.0
361,Mt. Hotham,week8,2018,5.0
362,Mt. Hotham,week8,2019,4.75
363,Mt. Hotham,week8,2021,4.0
364,Mt. Hotham,week8,2022,4.333333333333333
365,Mt. Hotham,week8,2023,4.2
366,Mt. Hotham,week8,2024,4.0
367,Mt. Hotham,week8,2025,4.375
368,Mt. Hotham,week9,2017,5.0
369,Mt. Hotham,week9,2018,5.0
370,Mt. Hotham,week9,2019,5.0
371,Mt. Hotham,week9,2020,5.0
372,Mt. Hotham,week9,2021,5.0
373,Mt. Hotham,week9,2022,3.3333333333333335
374,Mt. Hotham,week9,2023,5.0
375,Mt. Hotham,week9,2024,5.0
376,Mt. Hotham,week9,2025,4.636363636363637
377,Mt. Stirling,week1,2020,5.0
378,Mt. Stirling,week1,2025,5.0
379,Mt. Stirling,week10,2025,4.5
380,Mt. Stirling,week11,2019,4.75
381,Mt. Stirling,week11,2025,5.0
382,Mt. Stirling,week14,2022,1.0
383,Mt. Stirling,week2,2019,4.0
384,Mt. Stirling,week2,2023,2.0
385,Mt. Stirling,week2,2025,4.0
386,Mt. Stirling,week5,2019,5.0
387,Mt. Stirling,week5,2021,5.0
388,Mt. Stirling,week5,2023,5.0
389,Mt. Stirling,week6,2017,5.0
390,Mt. Stirling,week6,2020,5.0
391,Mt. Stirling,week6,2022,5.0
392,Mt. Stirling,week6,2025,1.0
393,Mt. Stirling,week7,2018,5.0
394,Mt. Stirling,week7,2023,1.0
395,Mt. Stirling,week8,2021,5.0
396,Mt. Stirling,week9,2017,5.0
397,Mt. Stirling,week9,2025,5.0
398,Perisher,week1,2019,4.553191489361702
399,Perisher,week1,2020,5.0
400,Perisher,week1,2021,4.516129032258065
401,Perisher,week1,2022,4.777777777777778
402,Perisher,week1,2023,4.117647058823529
403,Perisher,week1,2024,4.2
404,Perisher,week1,2025,4.666666666666667
405,Perisher,week10,2018,4.543307086614173
406,Perisher,week10,2019,4.405063291139241
407,Perisher,week10,2020,4.681818181818182
408,Perisher,week10,2021,4.2727272727272725
409,Perisher,week10,2022,4.32258064516129
410,Perisher,week10,2023,4.147058823529412
411,Perisher,week10,2024,4.03030303030303
412,Perisher,week10,2025,4.125
413,Perisher,week11,2018,4.407766990291262
414,Perisher,week11,2019,4.410256410256411
415,Perisher,week11,2020,4.655172413793103
416,Perisher,week11,2021,4.0
417,Perisher,week11,2022,4.256410256410256
418,Perisher,week11,2023,4.580645161290323
419,Perisher,week11,2024,3.909090909090909
420,Perisher,week11,2025,4.115384615384615
421,Perisher,week12,2018,4.5
422,Perisher,week12,2019,4.596774193548387
423,Perisher,week12,2020,4.444444444444445
424,Perisher,week12,2021,4.666666666666667
425,Perisher,week12,2022,4.166666666666667
426,Perisher,week12,2023,4.142857142857143
427,Perisher,week12,2024,4.714285714285714
428,Perisher,week12,2025,4.25
429,Perisher,week13,2018,4.2560975609756095
430,Perisher,week13,2019,4.7164179104477615
431,Perisher,week13,2020,4.428571428571429
432,Perisher,week13,2021,5.0
433,Perisher,week13,2022,4.5
434,Perisher,week13,2023,4.4
435,Perisher,week13,2024,4.4
436,Perisher,week14,2018,4.628571428571429
437,Perisher,week14,2019,4.760869565217392
438,Perisher,week14,2020,4.363636363636363
439,Perisher,week14,2022,4.521739130434782
440,Perisher,week14,2023,4.363636363636363
441,Perisher,week14,2024,4.8
442,Perisher,week15,2018,4.507936507936508
443,Perisher,week15,2019,4.725
444,Perisher,week15,2020,5.0
445,Perisher,week15,2022,4.5
446,Perisher,week15,2023,4.875
447,Perisher,week15,2024,4.6
448,Perisher,week2,2019,4.485714285714286
449,Perisher,week2,2020,4.2
450,Perisher,week2,2021,4.75
451,Perisher,week2,2022,4.25
452,Perisher,week2,2023,4.411764705882353
453,Perisher,week2,2024,3.4
454,Perisher,week2,2025,4.7
455,Perisher,week3,2019,4.387096774193548
456,Perisher,week3,2020,3.888888888888889
457,Perisher,week3,2021,4.620689655172414
458,Perisher,week3,2022,4.576923076923077
459,Perisher,week3,2023,4.085714285714285
460,Perisher,week3,2024,4.75
461,Perisher,week3,2025,4.235294117647059
462,Perisher,week4,2018,4.384615384615385
463,Perisher,week4,2019,4.542857142857143
464,Perisher,week4,2020,4.571428571428571
465,Perisher,week4,2021,4.526315789473684
466,Perisher,week4,2022,4.59375
467,Perisher,week4,2023,4.0625
468,Perisher,week4,2024,4.454545454545454
469,Perisher,week4,2025,4.606060606060606
470,Perisher,week5,2018,4.36734693877551
471,Perisher,week5,2019,4.319148936170213
472,Perisher,week5,2020,4.151515151515151
473,Perisher,week5,2021,4.55
474,Perisher,week5,2022,4.591836734693878
475,Perisher,week5,2023,4.024390243902439
476,Perisher,week5,2024,3.9583333333333335
477,Perisher,week5,2025,4.222222222222222
478,Perisher,week6,2018,4.386792452830188
479,Perisher,week6,2019,4.551282051282051
480,Perisher,week6,2020,4.425
481,Perisher,week6,2021,4.4
482,Perisher,week6,2022,4.489795918367347
483,Perisher,week6,2023,4.434782608695652
484,Perisher,week6,2024,4.138888888888889
485,Perisher,week6,2025,4.368421052631579
486,Perisher,week7,2018,4.537037037037037
487,Perisher,week7,2019,4.554054054054054
488,Perisher,week7,2020,4.633333333333334
489,Perisher,week7,2021,4.2631578947368425
490,Perisher,week7,2022,4.555555555555555
491,Perisher,week7,2023,4.361111111111111
492,Perisher,week7,2024,4.28125
493,Perisher,week7,2025,4.407407407407407
494,Perisher,week8,2018,4.5390625
495,Perisher,week8,2019,4.468354430379747
496,Perisher,week8,2020,4.67741935483871
497,Perisher,week8,2021,4.555555555555555
498,Perisher,week8,2022,4.4186046511627906
499,Perisher,week8,2023,4.258064516129032
500,Perisher,week8,2024,4.666666666666667
501,Perisher,week8,2025,4.625
502,Perisher,week9,2018,4.330188679245283
503,Perisher,week9,2019,4.4625
504,Perisher,week9,2020,4.269230769230769
505,Perisher,week9,2021,2.8333333333333335
506,Perisher,week9,2022,4.230769230769231
507,Perisher,week9,2023,4.517241379310345
508,Perisher,week9,2024,4.424242424242424
509,Perisher,week9,2025,4.413793103448276
510,Selwyn,week1,2015,5.0
511,Selwyn,week1,2018,5.0
512,Selwyn,week1,2019,3.142857142857143
513,Selwyn,week1,2020,3.0
514,Selwyn,week1,2023,5.0
515,Selwyn,week1,2025,5.0
516,Selwyn,week10,2016,5.0
517,Selwyn,week10,2017,3.0
518,Selwyn,week10,2018,4.173913043478261
519,Selwyn,week10,2019,3.6363636363636362
520,Selwyn,week10,2023,3.0
521,Selwyn,week10,2024,4.875
522,Selwyn,week10,2025,3.6666666666666665
523,Selwyn,week11,2016,4.0
524,Selwyn,week11,2017,4.0
525,Selwyn,week11,2018,4.090909090909091
526,Selwyn,week11,2019,4.555555555555555
527,Selwyn,week11,2023,5.0
528,Selwyn,week11,2024,2.3333333333333335
529,Selwyn,week11,2025,4.0
530,Selwyn,week12,2016,4.4
531,Selwyn,week12,2017,2.5
532,Selwyn,week12,2018,4.1
533,Selwyn,week12,2019,4.181818181818182
534,Selwyn,week12,2023,4.0
535,Selwyn,week12,2024,3.0
536,Selwyn,week12,2025,4.5
537,Selwyn,week13,2013,4.0
538,Selwyn,week13,2018,4.3
539,Selwyn,week13,2019,4.75
540,Selwyn,week13,2023,4.0
541,Selwyn,week13,2024,4.5
542,Selwyn,week14,2017,2.5
543,Selwyn,week14,2018,4.375
544,Selwyn,week14,2019,4.375
545,Selwyn,week14,2020,5.0
546,Selwyn,week14,2024,1.0
547,Selwyn,week15,2018,4.125
548,Selwyn,week15,2019,3.875
549,Selwyn,week15,2023,1.0
550,Selwyn,week15,2024,1.0
551,Selwyn,week2,2016,5.0
552,Selwyn,week2,2018,5.0
553,Selwyn,week2,2019,4.0
554,Selwyn,week2,2021,5.0
555,Selwyn,week2,2023,1.0
556,Selwyn,week2,2024,5.0
557,Selwyn,week2,2025,5.0
558,Selwyn,week3,2018,5.0
559,Selwyn,week3,2019,4.75
560,Selwyn,week3,2020,3.0
561,Selwyn,week3,2021,1.0
562,Selwyn,week3,2023,3.8
563,Selwyn,week3,2024,5.0
564,Selwyn,week3,2025,5.0
565,Selwyn,week4,2016,5.0
566,Selwyn,week4,2017,2.0
567,Selwyn,week4,2018,3.3846153846153846
568,Selwyn,week4,2019,3.888888888888889
569,Selwyn,week4,2021,2.0
570,Selwyn,week4,2023,4.2
571,Selwyn,week4,2024,4.0
572,Selwyn,week4,2025,5.0
573,Selwyn,week5,2016,3.0
574,Selwyn,week5,2017,3.0
575,Selwyn,week5,2018,3.6666666666666665
576,Selwyn,week5,2019,4.166666666666667
577,Selwyn,week5,2023,2.9285714285714284
578,Selwyn,week5,2024,3.7777777777777777
579,Selwyn,week5,2025,2.2857142857142856
580,Selwyn,week6,2011,4.0
581,Selwyn,week6,2016,2.5
582,Selwyn,week6,2017,1.0
583,Selwyn,week6,2018,4.052631578947368
584,Selwyn,week6,2019,3.4285714285714284
585,Selwyn,week6,2023,2.8823529411764706
586,Selwyn,week6,2024,3.857142857142857
587,Selwyn,week6,2025,3.1
588,Selwyn,week7,2014,4.0
589,Selwyn,week7,2015,5.0
590,Selwyn,week7,2016,5.0
591,Selwyn,week7,2017,5.0
592,Selwyn,week7,2018,3.85
593,Selwyn,week7,2019,3.9473684210526314
594,Selwyn,week7,2023,3.4444444444444446
595,Selwyn,week7,2024,3.3076923076923075
596,Selwyn,week7,2025,3.2857142857142856
597,Selwyn,week8,2016,4.333333333333333
598,Selwyn,week8,2017,5.0
599,Selwyn,week8,2018,4.521739130434782
600,Selwyn,week8,2019,4.125
601,Selwyn,week8,2023,2.8333333333333335
602,Selwyn,week8,2024,4.5
603,Selwyn,week8,2025,3.4
604,Selwyn,week9,2016,3.5
605,Selwyn,week9,2017,4.0
606,Selwyn,week9,2018,4.421052631578948
607,Selwyn,week9,2019,4.111111111111111
608,Selwyn,week9,2022,5.0
609,Selwyn,week9,2023,3.75
610,Selwyn,week9,2024,4.75
611,Selwyn,week9,2025,3.65
612,Thredbo,week1,2019,4.523809523809524
613,Thredbo,week1,2020,4.0
614,Thredbo,week1,2021,4.75
615,Thredbo,week1,2022,4.8
616,Thredbo,week1,2023,4.5
617,Thredbo,week1,2024,4.333333333333333
618,Thredbo,week1,2025,4.7
619,Thredbo,week10,2019,4.368421052631579
620,Thredbo,week10,2020,4.043478260869565
621,Thredbo,week10,2021,4.75
622,Thredbo,week10,2022,4.6
623,Thredbo,week10,2023,3.7333333333333334
624,Thredbo,week10,2024,4.555555555555555
625,Thredbo,week10,2025,4.55
626,Thredbo,week11,2019,4.34375
627,Thredbo,week11,2020,4.75
628,Thredbo,week11,2021,5.0
629,Thredbo,week11,2022,4.421052631578948
630,Thredbo,week11,2023,4.428571428571429
631,Thredbo,week11,2024,3.909090909090909
632,Thredbo,week11,2025,4.357142857142857
633,Thredbo,week12,2019,4.285714285714286
634,Thredbo,week12,2020,4.363636363636363
635,Thredbo,week12,2021,5.0
636,Thredbo,week12,2022,4.5
637,Thredbo,week12,2023,4.75
638,Thredbo,week12,2024,4.888888888888889
639,Thredbo,week12,2025,4.0
640,Thredbo,week13,2019,4.425
641,Thredbo,week13,2020,4.4375
642,Thredbo,week13,2021,5.0
643,Thredbo,week13,2022,4.2727272727272725
644,Thredbo,week13,2023,4.0
645,Thredbo,week13,2024,4.090909090909091
646,Thredbo,week14,2019,4.607142857142857
647,Thredbo,week14,2020,4.75
648,Thredbo,week14,2021,5.0
649,Thredbo,week14,2022,4.6923076923076925
650,Thredbo,week14,2023,4.8
651,Thredbo,week14,2024,4.0
652,Thredbo,week15,2019,4.454545454545454
653,Thredbo,week15,2020,5.0
654,Thredbo,week15,2022,4.375
655,Thredbo,week15,2023,3.7142857142857144
656,Thredbo,week15,2024,4.5
657,Thredbo,week2,2019,4.642857142857143
658,Thredbo,week2,2020,5.0
659,Thredbo,week2,2021,4.529411764705882
660,Thredbo,week2,2022,4.833333333333333
661,Thredbo,week2,2023,4.285714285714286
662,Thredbo,week2,2024,4.0
663,Thredbo,week2,2025,4.777777777777778
664,Thredbo,week3,2019,4.428571428571429
665,Thredbo,week3,2020,5.0
666,Thredbo,week3,2021,4.125
667,Thredbo,week3,2022,4.25
668,Thredbo,week3,2023,4.333333333333333
669,Thredbo,week3,2024,5.0
670,Thredbo,week3,2025,5.0
671,Thredbo,week4,2019,4.517241379310345
672,Thredbo,week4,2020,4.714285714285714
673,Thredbo,week4,2021,3.1666666666666665
674,Thredbo,week4,2022,4.2
675,Thredbo,week4,2023,4.333333333333333
676,Thredbo,week4,2024,4.625
677,Thredbo,week4,2025,4.523809523809524
678,Thredbo,week5,2019,4.392857142857143
679,Thredbo,week5,2020,4.230769230769231
680,Thredbo,week5,2021,4.75
681,Thredbo,week5,2022,4.473684210526316
682,Thredbo,week5,2023,4.416666666666667
683,Thredbo,week5,2024,4.090909090909091
684,Thredbo,week5,2025,4.066666666666666
685,Thredbo,week6,2019,4.5675675675675675
686,Thredbo,week6,2020,4.666666666666667
687,Thredbo,week6,2021,4.181818181818182
688,Thredbo,week6,2022,4.363636363636363
689,Thredbo,week6,2023,4.32
690,Thredbo,week6,2024,4.541666666666667
691,Thredbo,week6,2025,4.166666666666667
692,Thredbo,week7,2019,4.542857142857143
693,Thredbo,week7,2020,4.24
694,Thredbo,week7,2021,5.0
695,Thredbo,week7,2022,4.4
696,Thredbo,week7,2023,4.6
697,Thredbo,week7,2024,4.523809523809524
698,Thredbo,week7,2025,4.28
699,Thredbo,week8,2019,4.3076923076923075
700,Thredbo,week8,2020,4.041666666666667
701,Thredbo,week8,2021,4.0
702,Thredbo,week8,2022,4.7727272727272725
703,Thredbo,week8,2023,4.428571428571429
704,Thredbo,week8,2024,4.5
705,Thredbo,week8,2025,4.4
706,Thredbo,week9,2019,4.410256410256411
707,Thredbo,week9,2020,4.5
708,Thredbo,week9,2021,3.8
709,Thredbo,week9,2022,4.6923076923076925
710,Thredbo,week9,2023,4.625
711,Thredbo,week9,2024,4.6
712,Thredbo,week9,2025,4.0
